modelo,acuracia,precisao,recall,f1_score
Random Forest,0.9,0.9,0.9,0.9
SVM,0.85,0.8181818181818182,0.9,0.8571428571428571
